"","PC1","PC2","PC3","PC4","PC5","PC6","PC7","PC8","PC9","PC10","PC11","PC12","PC13","PC14","PC15","PC16","PC17","PC18","PC19","PC20","PC21","PC22","PC23","PC24","PC25","PC26","PC27","PC28","PC29","PC30","PC31","PC32","PC33","PC34","PC35","PC36","PC37","PC38","PC39","PC40","PC41","PC42","PC43","PC44","PC45","PC46"
"AQ_ADIPOQ",0.0355929209959847,0.0596340182293565,-0.20119803891217,0.615234795126282,-0.125415897504574,0.20638418394685,-0.0900178446144766,0.047548267188137,-0.044524038214984,0.0149185521617858,-0.0461239206445648,0.00652145179768747,-0.0170597921710961,0.0110566892009558,-0.000725794029693766,-0.000162076185046351,0.00628879359729647,-0.000718683062172337,-0.00437134291717132,0.0291434685521851,0.00109299462960902,0.0191713227460149,-0.00618325685885025,-0.0166021877793622,0.0153227865750515,0.0015734945210873,-0.000685215021599977,-0.00293172266765245,-0.024022789693563,0.00183097499226789,0.0082964659187404,0.000237293337851214,0.0102728721405373,-0.000359219198324108,-4.42975012824983e-05,-0.00489578443067445,-0.00224284795961752,-0.000634305471579012,-0.00138063715282891,-0.00635571118119521,0.00459964490065622,0.00227065753062892,0.00261298157808479,0.00253375581222048,0.00153369938812587,0.707106781503162
"AQ_ALOX5",-0.1625510504315,-0.0892251394096074,-0.0190027313814845,0.0135885852821497,-0.158434081585141,-0.0379729426021448,0.227907675161018,-0.037049515058458,-0.0113568189964963,0.101629946306561,-0.143616226728897,-0.373048767475138,-0.180867363442421,-0.114293762410814,-0.163116114339747,0.106077381898529,-0.15737809901026,0.125308031930672,0.0865645070517424,0.0646231309184458,0.067485737668296,0.036301444564918,0.0169942394932454,-0.178139173723353,-0.0513806237475798,0.130232883628792,0.0662079773606199,0.036350316469895,0.126072139962347,0.0828430766782259,0.252332695177951,-0.0422351840267385,0.0408082048088631,0.232695168176441,0.05364260456068,0.258112361101805,0.165535417273271,-0.21116181968202,0.243846172085577,-0.155694630737172,0.0653445908286385,-0.284086074707267,0.0252073436257335,-0.241194579929874,-0.0546466005058137,3.10849016527115e-08
"AQ_ARG1",-0.0616130702869653,-0.372618436630134,0.0874330695420915,-0.00440158888052578,0.0409347028117932,0.168800907318455,0.123494330119416,0.394698607762854,-0.289639763752098,-0.0133713495075659,-0.123013976848908,0.210902017838543,0.0575913153602573,-0.169562164353329,0.01439174181768,-0.100602755331761,0.0506610040816158,0.143429937909221,-0.137206398318832,-0.04722381204739,-0.0865367706200945,0.258405017917337,-0.122530703713868,0.205149041619517,-0.085262479537723,0.171030472854806,0.0274692062418157,0.0334593635051662,0.268214985798963,-0.191570738974896,-0.138934785116931,0.0312651750030954,-0.199524352118429,0.0397456126315391,-0.0247260862962887,0.0573071618754423,0.0822183386661205,0.131907920883115,0.147927841508967,-0.138798749497683,-0.0411642326201114,-0.00215016132057562,0.0136786965145396,0.0434422087701271,-0.0719291697303682,1.12093027637705e-08
"AQ_BMP2",-0.123012461948388,-0.0979719494547221,0.0213206750411359,0.0522168211314983,0.304151665100692,0.0871852569000504,0.0331032290980042,0.0351812170679982,-0.264978908226026,-0.476495042592572,0.0372550262468759,-0.207229016139709,0.328207224656101,-0.0804205865971176,-0.0044136171242736,-0.027127432260818,0.145647920562475,-0.0921562340803913,0.0169182664460118,-0.0108656870848776,-0.201086514647836,0.0257000180834761,0.00646510726703497,0.0125122987920453,0.152467019490123,-0.0407951617295662,-0.0448065243285709,-0.14908723886617,-0.0920302893330706,0.162136418640574,0.06966584699765,-0.0113317124385421,0.308650367039932,0.267498878127485,0.155151163540247,0.1540638183889,-0.0246853549061248,-0.070038073808745,-0.152809811924641,0.0567564193761675,0.0195052612434124,-0.0523459999341836,-0.0322090643223492,0.0440595488020137,0.00230893760235139,-1.6300856220397e-09
"AQ_CCL2",-0.108519146301788,0.339326072627466,-0.147767075123763,-0.144249350070942,-0.084461177357701,0.0690233630616338,-0.00743682508751797,0.133994756271447,-0.127009658262767,0.060698063908024,-0.29183139642437,0.0565901997778957,0.154887257690578,0.111199384824809,0.304809760976008,-0.201297741509163,0.00240734397977357,0.0362206100545085,-0.0672244990899791,-0.330365231620355,0.0872253723224303,-0.0952548228035571,-0.020647472973131,-0.123068223666617,0.0330653261308048,0.315466843752369,-0.194726773184243,0.00999457828839357,-0.0105742353469654,0.0746947230672843,-0.117640745630931,0.116816148766078,0.0158433980536433,-0.0767434176607032,0.00467449299427761,0.19981468710316,0.0116076842770964,-0.256496408933258,0.0393793977211141,0.0537455404108108,0.240028961325209,0.00148318443102775,-0.0140598436808048,0.0189272929820579,0.169992674707964,6.45158010348368e-10
"AQ_CCL5",-0.184095590720432,0.0295184576344906,0.0835101623157481,0.0593697437064467,0.0483996610613458,0.111346719508709,0.0786529036458484,-0.0492562184492498,0.106929059102205,0.0173593978346658,0.186506840029235,0.104704214012208,-0.13261171257495,-0.0213330091494043,0.0490148116245705,-0.0694487611205981,0.145388362143113,-0.0833872967488579,-0.0325266413822572,-0.0667650467982153,-0.121762184427387,0.0420994136676334,0.11926476834037,0.13766033528866,-0.174589195960609,-0.135827081683915,-0.131622318280843,0.341090705878472,0.238738096098212,-0.166779609826066,0.198361994954061,0.203270485531931,0.212660015018583,-0.269009052769319,0.234327597329267,0.226577268412731,-0.0479486442879144,-0.252216154121604,-0.0244027643941628,0.16103507824301,-0.0600641883160384,0.113726227199147,-0.168229572645047,-0.148221085674859,-0.184641485568448,-5.31053819669003e-09
"AQ_CCR5",-0.174006029459937,0.135233958427761,0.0896271834051677,0.073930998919127,-0.0780993038564163,-0.0580583799323319,0.123348454622189,-0.00533673638440299,0.149637883571794,-0.112311599303872,0.196677717186502,0.0701500585486533,0.0747608251679132,-0.168082624118013,-0.0120933282863868,-0.227803379268078,0.065077363250975,0.0108690900253686,0.0535103341845303,-0.0598452373418319,0.00308890050190548,0.029705747018928,0.116034710799967,-0.15832560495368,-0.168726308323485,0.135274432815552,0.21007721888319,-0.0108833843763698,-0.0552866470486534,-0.163615099168018,-0.236496473590948,-0.183315173062252,0.185591843436689,0.0209787685223244,0.0342394440275095,-0.293055047268902,-0.0930405878862045,-0.322523688338992,0.0274670359539873,-0.449024916747431,-0.023080829436557,-0.0257634856868752,0.0405658052198688,0.19020432780674,-0.110073772125002,-2.70626492639148e-08
"AQ_CD274",-0.163001070659009,-0.110304048410346,-0.0266736577807235,0.0232897318735865,0.0381776846174474,-0.0757390584034396,-0.206074671032595,0.203602875510126,0.256425216489043,0.0753457358313791,-0.119422443898043,-0.0973043547268611,-0.0201953975420568,-0.227700075748023,0.090376809856738,0.0165435818093488,-0.00207793262215214,-0.176324804801828,0.0231832838412409,-0.254155705961205,-0.0466542544897793,-0.0410045886564741,-0.186103829440772,-0.045514924274885,-0.116974203696268,-0.0985965632173784,-0.47057145474893,0.0817371722575048,-0.0538075331563252,0.102559020884136,-0.00822830051363775,-0.33778420088413,0.0104468764576147,-0.00673823008907637,0.164893039018484,-0.160440183012224,0.106958157879855,0.14296091666117,-0.0225870168932741,-0.0960347779880577,-0.205974687947809,-0.160975143288239,-0.165134908874889,-0.0596643767525699,0.057268031279043,1.47728821189852e-08
"AQ_CD36",-0.163673254536572,-0.0224619164493791,0.0494534377033601,0.0169414316988275,-0.0922925919101535,-0.194444033527355,-0.243365358267493,0.0273733135895001,-0.14724925296196,-0.108320727327855,0.0680485424169459,0.0966673099914824,0.105965349979853,0.103339235567257,0.0572730191195212,-0.227169103701688,-0.296642094105782,0.199463487131055,0.0778212801092624,0.314344224142439,0.038180764491885,0.0749278403925273,0.119030264693537,-0.0208872865898899,-0.0270823817204027,0.168952029801762,-0.171009711602831,0.322100792786758,-0.160578676309236,0.22845925376157,0.022144478513642,0.328388763400914,-0.0117071999490827,0.0382003181423331,-0.00549563992627164,-0.106825059164375,-0.0327860057195559,0.068254499099341,-0.0394073628316626,-0.0534259487840351,-0.260291623849084,-0.172629822277508,-0.0695337756111121,-0.029047005193546,-0.100842438306942,4.00642821418717e-08
"AQ_CHKA",-0.111865736523306,0.127600846722974,0.279307151866737,0.123570597865873,0.116259281978092,-0.248376757363915,-0.139952478328931,0.0974790563636639,-0.284871039194367,0.259121830231359,-0.095644648675609,0.0825290723515966,-0.0476631153547029,0.236141975512961,-0.215707771711509,-0.0219561752185784,-0.0458637802059017,0.0617257296312915,-0.16425600285688,-0.0218754737533001,-0.0226738972780795,0.104764877838032,0.304558480354189,0.0490917130428622,-0.237341555837356,-0.0237087970723368,-0.0892438787905581,-0.343338829810674,-0.0266455732111662,-0.0549752112843556,0.152821958502351,-0.180037210767209,0.180358404569275,0.0295952733096318,0.0926024550104946,-0.0867591274920429,-0.0487049988263143,0.0320594880267414,0.140689444948174,0.0858279997988542,0.0995260518996787,0.0235410603478213,-0.162770712381121,0.0326565003046391,0.0630052806438442,-6.49800910995646e-10
"AQ_CPT1A",-0.166969638220061,0.158311988244418,0.106298466512201,0.0126582885574185,-0.131340260004327,0.0201978379468555,0.0481980188213773,-0.0736981611318689,-0.116078704442703,0.0103115485028977,0.21621242252758,0.0679397845076121,-0.184784082028814,0.0105802867766693,-0.0350471948524514,-0.0586089245474646,-0.195920351641296,0.11938799427229,0.128445491531754,0.191470439041726,0.0246837801496275,-0.217483737107604,-0.341710632255498,0.301710732805456,0.317745276619881,-0.0551877219199621,-0.200785966541941,-0.199633572158407,0.0494958263981818,-0.206580096872621,-0.238139756736089,-0.0760548466628729,-0.0251415046731234,0.0889641308302088,0.296799667768284,0.0997741761857592,-0.093607767114869,-0.0561981108599465,0.0235863958496596,-0.0484550751735163,0.0325032847630646,-0.0597460441643941,-0.106572108686827,-0.0207882374599582,0.123253484180412,1.0976979554489e-08
"AQ_CSF2",-0.0988656591823785,0.0746871930411902,-0.0487313414450517,-0.0308467170349068,0.393896164844745,0.146606161351019,-0.178204509251646,0.194261070217819,0.29497706734556,0.309982113863157,-0.0734642811725061,0.103027276605005,0.143932568297275,-0.0959002238047885,-0.342115371917637,-0.250485353372259,0.0171727666537189,-0.04446517395478,0.231220040117519,0.290429449071855,-0.034194153039752,-0.0905321713620028,-0.0553425080998209,-0.180792633918635,0.0700148342148279,0.0831145004500059,0.0376588382113758,-0.0532155750010423,0.0529299578002334,-0.134820412893201,0.0511761990838931,0.133863648736271,0.0268966152131759,0.0553230687883668,-0.0630140853869843,0.168111346444622,0.0957538563515591,0.0423213223569146,-0.133761584268676,-0.0556918949998356,0.0987897120699466,0.03735442821708,-0.0247321464419604,0.0174282967567916,0.0596078859419275,7.19707878536757e-09
"AQ_CXCR1",-0.141466067334251,-0.188080571390263,-0.15072201988025,-0.0098666238457822,0.141644271803178,0.0203627933283233,-0.142658332806093,-0.260248844695645,-0.205679381039604,-0.0836476527716268,0.0967559403468335,-0.0421782335955479,-0.249534223962085,-0.177988743126429,0.119186173605352,-0.190055252978042,-0.0952660394803031,-0.0983823595974067,0.116384501398371,-0.1307673461602,0.348052480295516,0.18855078869655,0.142985089990221,-0.160746979133905,-0.0690824875859115,-0.155906319037934,-0.180912353990249,-0.150733144337244,0.0786821083461614,-0.177655777437063,0.0228552524492868,0.146977467922504,-0.132600383977932,0.0263081470923895,-0.0472946266844243,-0.0651339152706143,-0.0584201769023084,0.10207160762202,-0.20340276354944,-0.110050751973644,0.33825493293165,0.00025952741961803,0.0390435223070053,-0.0596420957290772,-0.0132099602439948,-6.88353251742518e-09
"AQ_FASN",-0.17823832314325,0.169336378042605,0.025631669997614,0.0444465463272476,0.0912640239900953,-0.0952299535002417,0.00471702557962322,0.0973586459006169,0.0134920262850115,-0.0510932024560608,0.0408083128913423,0.0465957118028274,-0.0851410525021019,0.224776983681081,0.0172284140550411,0.23513969797552,0.0254069560679208,-0.123228232160898,0.127301003574747,-0.108188373675514,0.0577069495535741,0.219419264544025,-0.160752849646549,0.0265132983470014,-0.131469073109864,-0.0432212492691903,0.0400177883439773,-0.0598261269105781,0.0939601488544337,0.130652757947449,0.0453807492433463,0.199383152965371,-0.00160765310741137,0.0991049610916762,-0.0271102689826191,0.141854330446195,-0.121605594377844,0.0401334155302823,-0.053008584327279,-0.397352564496769,-0.281990295168554,0.303898513125907,0.214647500210451,-0.165363781211954,0.350939917889103,-4.78421251842373e-08
"AQ_FOXO3",-0.120585401918521,-0.0804787781003003,0.28318448805102,0.0369911244022879,-0.20388123892589,-0.049896494091007,-0.362455497724191,-0.0726905275964825,0.0808239389618015,0.055878850116893,-0.0233095965328299,0.086916042868817,-0.0490998981964969,-0.181824829140753,0.135840632296611,0.109060302743508,0.275590795083095,-0.381627210611635,0.137359647167385,0.0860430475514196,0.0266994790503082,0.0258198577849405,0.013535527313552,0.344995991174663,0.065494582536327,0.297983504281639,0.12638962755616,-0.0925075587609388,0.00562582643196767,0.169673151990116,0.124463425600358,0.0904100686752007,-0.091697852844776,0.10815397793817,-0.058129995426743,-0.0170494913015405,0.0305293192984707,-0.152449133350689,0.0310784904125052,0.0256936778468565,0.189283275575514,-0.0794206875319363,0.0140117400386993,0.0504438999044135,-0.011688185553249,1.05215255965206e-08
"AQ_FOXP3",-0.143306572932321,0.264382460468919,-0.144957082026864,-0.147208388159796,-0.065635549623617,0.241816498298904,0.03587376418439,0.0769904405365495,-0.027069050786723,-0.173691637563561,-0.0103992040302836,-0.0166728058017022,-0.153172491755894,-0.0417235888327681,-0.0861765276030134,-0.121492530034893,0.111588598394731,-0.0171662371636358,0.00338260324426473,0.0133415934564181,0.0871842528840099,-0.0360807207438262,0.0988250794030258,-0.0246574340667709,0.0478832470199095,-0.0422644952172122,0.213014433595436,-0.164635221360034,0.394370299117199,0.257366683785871,0.0426659768549951,0.103717486892002,-0.0532582933178182,0.0250964581148707,0.0545311015418918,-0.385744448582718,0.157204547843287,0.114312010520418,0.0578104360659471,0.124536779158578,-0.178189106235202,-0.0374922169567903,-0.342333821983914,-0.0456194813930223,0.103877284384887,2.99274727439194e-08
"AQ_G6PD",-0.170868928286657,-0.11773020849447,0.184221180087136,0.0660012725288275,-0.11933119571219,0.0763095907786928,0.115809413890084,0.0238339483011641,0.0873559677440749,0.0579532977695547,0.115418338442615,0.0986938621232567,0.133718973557424,-0.0218788800000211,-0.104403757823674,0.0591607544503343,0.066306038096149,0.118342091381279,0.0330160106566164,-0.239933130268127,0.275640625330653,-0.100259926761894,-0.0745715139652801,-0.125439788241871,0.0146966818106949,-0.0779491901226979,-0.00819320777648495,0.156488353081846,-0.257736458532724,-0.00138020350202383,-0.00121681897980161,0.118580838138953,-0.0690290736041044,0.464146608908951,-0.0747181137807095,-0.0417976377375874,-0.0138779350193449,0.0365640525060938,0.14364690543438,0.173016798618155,0.0741686134723867,0.376904701159044,-0.30349937603386,-0.0177489336002853,-0.0495897156557239,1.36921384373719e-08
"AQ_GPD2",-0.154745289803942,0.155216539780651,0.0789647873808391,0.0862040754718071,-0.0305018852480575,-0.248127380255615,0.0692202048246278,-0.123168367996813,-0.206710203099506,0.0794971123827122,-0.119812391320772,-0.102427776574344,0.194429430012727,-0.047686276236613,0.134591812150927,0.051515280033286,0.221603905844643,0.0859475281786653,0.190289162602711,0.11114856620471,-0.320563869950822,0.103579314554104,-0.0955249255228238,-0.212643902013056,0.150073798348919,-0.228434316624972,-0.0672939284929604,-0.00422255234677535,0.0466449835625571,-0.13792723304316,0.142702790052585,0.00290509624257033,-0.442080769743038,-0.114511833003403,-0.102475039948276,-0.101190276523662,0.140657495288163,-0.166203055993042,-0.0427973205273706,-0.0538382556696844,-0.0330583424851531,0.113883962909106,-0.157038745399748,0.0659182169494248,-0.0537068121224586,1.78039076437382e-08
"AQ_GPX1",-0.127761733038461,-0.0999868434134473,0.145844909431748,-0.0859788901003028,-0.0195541093443784,0.172491235045384,-0.330968822546276,-0.083082050429648,0.194701322162674,-0.125060265681675,-0.270731053528087,-0.143848412329304,-0.327248171594207,0.204573443646942,0.116887647787054,-0.0818096456729345,0.0974714331665887,0.210399880279558,-0.155893323476106,0.0280336652152331,-0.182581241990955,0.279659918104419,-0.0693628169175748,-0.175762179307219,0.293272246163993,-0.0261370633798698,0.143671118757091,0.082703028414055,-0.148064900565544,-0.160888927521146,-0.0475610071303347,0.0036164996062103,0.167095792941707,-0.00182705977006355,0.120907182194598,-0.0456930748177496,0.00135534243674193,0.0635461614235948,0.139212529486619,-0.0459878860131827,0.0498092000300508,0.123112226274746,-0.0121342136933005,0.0294971145965124,0.0492003877673275,-7.61198365624438e-11
"AQ_IFNG",-0.162133799602765,0.0299574516706312,-0.0068724800298545,0.101504094695677,0.0725494059232439,-0.180987853738191,0.0709532563684144,-0.101504095698347,0.191136942263999,0.0250264519202479,0.0411495793032996,0.303662130433023,-0.139479102318497,-0.106226768399199,0.299832347434353,-0.111345703021232,0.01899892112386,0.169266607949991,-0.326550146721446,0.160603086045958,-0.037144290636875,0.0782776708247964,-0.255738921084497,-0.169803906051978,-0.134679594266079,-0.0701733751709308,0.0571952306302345,-0.18031806782648,0.164630175673864,0.186506451535463,0.0128194213885643,-0.114650552880766,0.0466392008051561,0.255891672648353,-0.183142748814178,0.142227317666401,-0.0296077001891187,-0.053872547993703,-0.161990437106116,0.265904374680681,-0.0548986337713532,-0.0971863472638965,0.0989650080661129,0.0303891563826446,-0.0495154377893771,-2.27315451357957e-09
"AQ_IL10",-0.0984976533825212,-0.271610965709622,-0.233006169592547,0.0194475160066821,-0.0505717552162002,-0.232803723870072,0.17726077003829,0.30885506643165,0.104197261807807,-0.0317369759270603,-0.0650740614850397,-0.0267016133294591,-0.258736892839835,0.120705422129682,0.14831452043675,-0.00672456230741176,-0.0380534317679064,-0.315262717649421,-0.0773367894999815,0.100474675802135,-0.194139710539958,-0.258364484349272,0.267790028040377,-0.0965325228397409,0.0882731622936336,0.0096650047547855,0.015231951779041,-0.239312291143828,-0.14480284228793,-0.137261451407531,-0.125714325041509,0.240346492759846,-0.0947060921196289,0.0808012146047377,0.0073177503180287,0.0532418627447267,-0.0988274063722003,-0.0811315294323849,0.0213859631393986,0.0066707076385672,-0.114397172314311,0.0620739026016144,-0.146551994075707,0.0202244980156989,-0.051968645867743,3.32535803788947e-08
"AQ_IL1B",-0.151683818951749,-0.166871825836446,-0.2129226413213,-0.0413405370500618,0.119133526524495,0.0654329124222145,-0.0196960285991856,-0.0716008894425445,0.0153783947595404,0.248951887201374,-0.0369125571074965,-0.268693198054116,-0.0362225020502625,-0.0177397536417365,-0.0252264501733912,0.113901929427878,0.121642219080739,0.276098632602455,0.262147313035818,0.0358358968626235,0.0255754435709153,0.21022646129331,-0.0132639952892134,0.188144310853601,-0.199023821414649,0.0543952126935599,0.00937443993632658,-0.1711470712147,-0.103957390402987,0.245957735362707,-0.409480396649412,0.0241185746539932,0.0198053178369657,-0.139257027504128,-0.00707141446421948,-0.00118558601763114,-0.160592352856636,-0.204184775761501,-0.0488922547695323,0.198558243160216,-0.107074259166105,0.10129090216377,-0.0950910447901229,0.0614529104300274,-0.102289436719724,-3.74687900328748e-08
"AQ_IL6",-0.121694739685374,-0.0447634213274937,-0.047038618160375,0.0671353210375886,0.429011879794509,0.147461409061898,0.0597667890684866,-0.326098106562186,0.0381887201492125,-0.0188900262706335,-0.173599630230947,0.169537016470144,0.11304492893667,0.12130823053963,0.15566412531235,0.183721380422502,-0.200104386757515,-0.0985871564333353,-0.0611744641374749,0.0848860474791793,-0.129052027805506,-0.18772947593928,-0.0704001153912246,0.0586148940794869,-0.209313161703914,0.0667862579544777,0.0555731048868483,0.0406426863880059,-0.0442303240031879,-0.00015919075432376,-0.083384753960863,0.0853538085387013,-0.147414984608115,0.074081513220394,0.221158932912097,-0.300502653386379,0.109892999325413,-0.0719153165794924,0.284905163302845,-0.0318668009950504,0.122645139049531,-0.0173821123953236,0.0637876343449005,-0.195820881098223,-0.0274479984369235,1.27443648440407e-08
"AQ_IRS1",-0.136870878942828,0.089302676571696,0.106744207649068,-0.0938620515236957,-0.0941752415932397,0.348783924582633,0.0861511766823523,0.117029190125271,0.0736214201229617,0.0861972984175282,0.169030781541283,0.142563522105785,0.0722948620387086,-0.127373889913712,0.272939391372663,0.340895005526558,-0.391635739035924,0.00482291327598968,0.139196778737181,0.0234440472492022,-0.109009069119386,0.209111622374243,0.193963767410758,-0.0830221990631154,0.109388163119889,-0.0304006803619178,-0.0932016537932139,-0.255438408052143,-0.119742708357482,-0.00505951436781044,0.0858333117019184,0.0192809278130917,0.167262275691177,-0.109034725527334,-0.120542599667835,0.0140647915050898,0.247281054605407,0.0556956611051108,0.00159195138168766,0.0114813272535377,-0.0155420633321285,0.0395478021070173,0.0220200853634942,0.110193281415788,-0.108427093606252,-4.85802993535969e-10
"AQ_JAK1",-0.190605284948832,0.0844698377634819,-0.0125839437933159,-0.00864232750461761,0.105278675688989,0.122948087632164,0.0668131791320652,-0.0323307199403252,0.0111479801670277,0.0019952973881477,0.0167041229573917,-0.0224668366571427,-0.116715720770657,0.127920831377269,-0.0522480299764826,0.147349845578422,0.0894027220269023,-0.01311619066403,0.0122357297480929,-0.0666207916118185,0.129583234112755,-0.0488145472326003,0.00314254680208788,-0.0945149983869815,-0.0725779828480701,0.074798151840679,-0.0173823037339966,0.0746431742420723,-0.0264817754282372,-0.0113578660629218,0.182924938426341,0.0409018871990434,-0.25414758690652,0.0352157046611063,0.274811839653323,0.120890768504202,-0.141661102780844,0.142152549362164,0.0397161210705391,0.0522653095985276,-0.115427346788624,-0.212959332279871,0.141145425889114,0.699099341909298,-0.0882730863193156,2.35918971706363e-09
"AQ_JAK3",-0.13548045640244,-0.16827209968671,-0.314909476445119,-0.0372938932545991,0.00988353205034705,-0.151614891482463,0.0997788445550352,-0.110121592898947,-0.096065779531834,-0.087034220384882,-0.180737221677083,0.246042253290209,-0.0891888648780962,0.105523353259831,-0.078352567682267,-0.00742510454400658,-0.221724195889451,-0.103182609584537,0.13933345811314,0.00646897592351865,0.0451542653885106,0.04645491595404,-0.220961183799959,0.138505865211228,0.0734712712263925,0.125681435641636,0.163461107675503,0.127732769814922,-0.0391946098329335,0.0767760972480962,0.268731919501189,-0.282460163127259,0.192900835416481,-0.155655304068018,-0.103935664872681,0.0182269525485256,0.0685383654999975,-0.0334079207119298,-0.0978159112243177,-0.0945785860748718,0.0889001315765254,0.218854724804622,-0.307316316349068,0.221809727480607,-0.028976484943561,1.04774235578763e-08
"AQ_LDHA",-0.167247496851934,0.0581716987773765,0.0323432502215197,0.0113107962466805,-0.00551081674807584,-0.0410803377172375,0.258854158661733,0.313063629455139,0.0412741719522364,-0.113900286995036,-0.0259222010964445,0.00177809458327177,0.00724594749311147,-0.140684194438976,-0.0740278223883801,0.119001648470542,0.0160129687281377,-0.0843213853519941,-0.0873125773241516,0.262441163489648,0.189436551279141,0.268993745508072,-0.101236929882661,-0.0595827842898542,-0.00361295070413237,0.0185509726431662,0.0708494263788936,0.121970725776611,-0.283702517447241,-0.0527035608580899,0.0707794214013061,-0.0305652787213558,-0.0917730981635123,-0.232479505228807,0.161829827792327,-0.210979911397013,-0.182312941594706,-0.0593938831150122,-0.107215362002078,0.264052090730757,0.23583737528525,-0.10079595281865,0.0730673919953981,-0.157769589371757,0.288730768532981,-2.33919728385556e-08
"AQ_LIF",-0.116241289516474,0.308985224132682,0.0748140505039311,0.00451356116612221,0.0906616807962087,-0.0444509411349105,-0.0439425997180799,0.102009229717117,-0.105514869464107,-0.0452983204279259,-0.415149639796553,-0.0848428552898744,-0.183752831356168,-0.431068751087092,-0.00800779332952216,0.0209658508447881,-0.229375682916237,0.0395220129916695,0.0407529911628098,-0.0718161973972715,-0.0599603142879035,-0.192999913576417,0.0978113855534024,0.248224001545512,-0.0114057306084137,-0.232712983599115,0.147058778633119,0.177207694758867,-0.0521741227058996,-0.0422591844742182,-0.0305862563002177,0.0438988454691081,0.054534364420479,0.105831823764838,-0.160633558238896,-0.0173735817496317,-0.200607143382595,0.0484311865567579,-0.0407232601086788,0.0588493161907001,-0.0448090381176008,0.130190854504815,0.177733277859968,0.0585531068196935,-0.142739777128063,-2.24009552318195e-08
"AQ_MAPK1",-0.17841182431359,-0.0935888928383417,0.099035517872073,0.0463155239731201,-0.0264529236811175,-0.0167443088423137,-0.149802218302097,0.027592935408136,-0.0461999565406859,-0.12111961975907,0.0581894006013505,-0.146486452545111,0.136237246954693,-0.0453861432547216,0.162377869567013,-0.280565938504571,-0.0787819882652603,-0.0211282294275778,0.0585204272942655,0.0344240124592748,0.259626444845177,-0.209265197523704,-0.0389883659896937,-0.0503754582588359,-0.121841166410962,-0.00156788906085455,0.280099603876967,-0.191811247197291,-0.10990511570252,-0.0500443862996481,0.0951079664744229,-0.194694444861002,-0.126927715772501,-0.29916759797709,0.137411760898369,0.214632004287902,0.190012646929558,0.0676317328382243,0.180803084028083,0.161734452012903,-0.251466304102933,0.245764972964749,0.181839400101865,-0.102209776796415,-0.0231963827643856,-4.62397132610336e-08
"AQ_NFE2L2",-0.181695136568391,-0.0239554105450348,0.0229994058756475,-0.00126428802850601,0.00965508443873617,0.162001976985984,0.0235508757706604,-0.0176532097879908,0.0481042103482478,0.194929327788845,0.0948774833813786,-0.0328271290408384,0.128457742563958,0.19002906732198,0.194546521903481,-0.109758071569394,-0.105868237828247,0.0299549627439961,0.0753723182722042,-0.207899144614843,-0.178037891726682,0.00660937958863255,0.196667212488653,0.127326547490184,0.0502612669794029,-0.0186965911265133,0.361982393194626,0.109307400701566,-0.0412195330161036,-0.021354866881053,0.0605853784247882,-0.249149162781693,-0.22260189971926,0.0985879532266775,-0.0170185653462192,0.106896805199328,-0.298048007165777,0.169772105703985,-0.273224907382622,-0.0449773255623813,0.0164865178615939,-0.267412646354802,-0.171904727342667,-0.221380950191112,0.0934039816869393,1.32408348496637e-08
"AQ_NFKB1",-0.178467986108754,-0.0025343220309451,0.0293080123491175,0.0423999861732678,0.111637270051027,-0.0914208572847455,-0.115857357310351,0.131766310600563,-0.122064546134136,0.0176875290497117,0.0372025323082348,-0.0161268637552634,-0.00951881203298055,0.151623158847652,0.0763018013365693,0.323897597659118,0.0634268373462902,-0.0477031477054747,-0.0359291388939595,0.183954915725467,0.241330674367468,-0.107348623271773,0.263447782679545,-0.138416800305601,0.204359262095887,0.0430366199384585,0.0100425989032794,0.317755801967698,0.316233499023907,0.0144945382208483,-0.343487329235075,-0.315563359207245,0.0287694908896644,0.0607767516661321,0.022603367554899,0.0395410898578455,0.181083370691499,-0.0138830591339263,-0.165228463002183,0.0346509172257233,0.0677836767343874,0.11931778833388,0.0786568033318949,-0.0229560950698538,-0.0858276568859355,-6.52182248494799e-09
"AQ_NLRP3",-0.174608407283181,0.0469876369642847,-0.0976415345145819,-0.0597663617118672,-0.171992538881644,-0.0793297143734194,-0.129349588946199,0.216435819983403,-0.0147233288818438,0.041596506826115,0.153809148379417,-0.0517628059417782,0.0326620587563586,0.0834325461968616,-0.100262568370044,0.0553326339953362,0.0121085060116476,0.0743296351996852,-0.188413060786811,-0.0550497602983788,-0.153088449468634,-0.124208378050687,-0.200138040924478,0.0233305173025854,-0.148708947348012,-0.249752182919365,0.171985147747546,-0.037012265356604,-0.0686773259798928,0.273228313391552,-0.0501163196658422,0.169773785892388,-0.022388694435537,-0.11767703634582,0.18587895044156,0.0254701552544047,0.16145633489425,0.151943619584241,-0.128239783793714,-0.218343938036158,0.436280927723826,0.0206801445193725,0.0607995986298195,-0.00931540002985209,-0.313268801177699,-8.26140479496303e-09
"AQ_NOS2",-0.09805524756722,0.0667004873532649,-0.274287867823623,-0.19042973799257,-0.330726060889471,0.0351227452400148,-0.164943905845037,-0.199620301149947,-0.000824996669264105,0.0849038435907325,-0.183084126893585,-0.0221483753257934,0.407078893274141,-0.0782440266657135,-0.0655575184622201,0.120407899954477,-0.0495608994296332,-0.239362184190364,-0.269128818411308,0.206704233120081,0.101766587376268,0.193658333647059,-0.00955336799741144,-0.000916778190721321,-0.118727035993649,-0.128183917525749,0.0372241650212201,-0.0486563890633369,0.0785737432608006,-0.272543468277892,-0.0844633317377709,0.0200875342753194,0.0716859787260019,0.151800756995765,0.139216864620058,0.113516807492686,-0.154858295145017,0.0557440806653375,0.0146875870669215,-0.0161997914245057,-0.140088748388107,0.0191158641429158,-0.0951635383314791,0.0084487240402594,-0.0515219295922416,3.20844909722316e-09
"AQ_NOX5",0.0355929168436595,0.0596340041953295,-0.201198056689008,0.61523479831304,-0.125415902752777,0.206384167366414,-0.0900178297197206,0.0475482553065619,-0.0445240271590026,0.0149185562548056,-0.0461239369120895,0.00652146052077695,-0.0170597937034022,0.0110566890860606,-0.000725785622577909,-0.000162078434186016,0.00628879084249144,-0.00071866956167269,-0.0043713771099193,0.0291434948486693,0.00109297981479884,0.0191712951020505,-0.00618322704346626,-0.0166021726643343,0.0153228361140814,0.00157351943558854,-0.00068524710716758,-0.00293170432983998,-0.0240227878457367,0.00183096764605399,0.00829649760534602,0.000237332042117885,0.0102728473053781,-0.000359177208145513,-4.43100563713994e-05,-0.00489578878491592,-0.00224279439420411,-0.000634276130736865,-0.00138061809973032,-0.0063557311126855,0.00459964872754995,0.00227058211048885,0.00261287723984417,0.00253375729615701,0.00153369330068092,-0.707106780869922
"AQ_PDCD1",-0.149966042618439,0.119717303360809,0.0448491085512018,0.107349173988564,-0.114597727167207,-0.186938052504905,0.348071821794898,-0.195392700212721,0.0261515527502484,0.0460213500681383,-0.127981106424314,0.0201781487245221,-0.00848671028648667,0.0686560880748879,0.00203659947404978,-0.168494683411881,0.170746061297161,-0.181958335141008,0.262499133714426,-0.0441613943707651,-0.0845366392505745,0.144733108902785,0.0201156927428369,0.0419653934461987,-0.031682512838367,0.0790209222134189,0.00526099481881274,0.0526106326349829,-0.062536803737628,-0.0622703606327829,-0.267010295086489,0.0807551205472463,0.218795069608044,0.0136787935994316,0.0309318675060854,0.0527108966602192,0.261894578245988,0.510724363578418,0.0258224908201468,0.146663926525249,0.0427349626347853,-0.0960005827692782,0.112586000567186,-0.0350342872536435,-0.045741005426945,8.0915273742389e-09
"AQ_PPARG",-0.148045902629729,-0.165699818063606,0.0469580765158617,0.0861553847770444,-0.216140355500024,-0.117827310215228,-0.0636355494285088,-0.0334959781373582,0.26889994442225,-0.234186810162049,-0.0160387175166994,-0.153090751345921,0.168890198748759,0.0536742142617753,-0.154950389106243,0.0614923182788521,-0.26938365149795,0.164545188941966,0.0980264203923555,-0.121829496837131,-0.246170014159678,-0.0940056020818524,0.0407641129360529,-0.00157643988442425,-0.130662267499055,0.198601399366394,-0.0892458675036682,-0.0552161306621628,0.383326122324536,-0.121055129561619,0.0301080007176968,0.0525076024902468,-0.0395442598830407,-0.0125432527838401,-0.0106762818502108,-0.13756400228266,-0.084339710347527,0.042232335487447,-0.144540951028591,0.233058152935129,0.169968643943093,0.166876885432281,0.152768021639631,0.111034400552489,0.199844358083458,-1.8037351034089e-08
"AQ_PTAFR",-0.181288063297671,-0.150460425614636,-0.00304878317702317,0.0061962469069047,-0.0080164209409018,0.0216099763864825,-0.102112469442942,-0.069784867536819,-0.197200973926273,0.131104296324935,0.113282711991047,-0.0725051965673935,-0.0343864652936042,-0.0257283611282103,-0.0426482989230878,0.0877260928499653,0.00767128975945898,0.0061599423451056,-0.150794275995853,-0.0992908176115702,-0.0286279225910338,-0.18390582426741,-0.0855224393403287,0.0421776082468447,-0.124340389903248,-0.151484699179931,0.173452567731378,0.134243266256957,-0.119326182010806,-0.202665071164891,-0.0921304142023299,0.193010579153712,0.177656177206241,-0.045445131776041,-0.236735497499754,-0.0406615926397576,0.357180720651056,-0.142802293859947,-0.114753632474346,0.0613604083785669,-0.11313128730939,-0.256266233317406,-0.0202246295133391,0.172951845965003,0.462685407694726,1.63361537991539e-08
"AQ_PTGS2",-0.15420214286884,-0.056698243012646,0.155741086676075,0.0807418666568364,0.0474601047116559,0.0720910209820995,0.124155402276839,-0.232700228455888,-0.104192787622091,0.219574329659496,0.135966800560865,-0.152654060476753,-0.00653839673946972,-0.206735786428879,-0.189147605627341,-0.121703524533055,-0.167726022110896,-0.270656690677901,-0.378345224986155,-0.0257470833608533,-0.155179860950225,0.0201740989738794,-0.00300032415511732,-0.152435053350941,0.235917596992521,0.147650314592864,-0.0574566225017379,0.0677608007073438,0.0481823777988798,0.326977577701761,-0.136282171922007,0.0184660213424532,-0.0638779078356122,-0.216949894005143,-0.0894193991480567,0.0453961815120256,-0.173937777277292,0.0942048018893161,0.10077787435559,-0.0615789125401164,-0.0211978581082969,0.189240596389535,-0.0140815082511692,0.0677574166185825,0.0960630631008993,-3.82316986185724e-09
"AQ_SLC2A4",-0.0241498879186903,-0.252272578892732,0.337825107926697,-0.028490595500819,-0.244049881121285,0.293499051562207,0.150949299697992,-0.0928733172569734,-0.0946079826932914,0.0156487723614258,-0.410810274274295,0.213066518672811,-0.00342512459759374,0.138157574312993,-0.107663610610669,-0.0299857645886684,0.0722232832506298,-0.0362468399944978,0.0994576581078549,0.0918122008651767,0.0777865201154658,-0.229357967850338,-0.00666990214300386,-0.185043529758335,-0.0877973929457282,-0.176283078871562,-0.0877756712365358,-0.105407326698388,0.0102051034151304,0.164436359410413,-0.0377942713992637,0.00336764768160464,0.0588869006851991,-0.11894623834775,0.0488098366073094,-0.0375602775107179,-0.0979021909209407,-0.0988012539432578,-0.337433423287548,-0.0969742120058717,-0.0861855070273985,-0.0456769557003025,0.0896871263154866,-0.0487221893712408,-0.0291309749331321,-2.21029436883307e-08
"AQ_SOD1",-0.159509440455891,0.0950744455419142,0.0769297011693155,-0.0187683058819309,0.0132885539934636,0.198749276540715,0.0826582749875459,0.0709233283808239,0.156173764764286,-0.191935540907802,-0.00496227046861522,-0.231437616531694,0.013791770383464,0.375653606508503,-0.0844381799607381,-0.21570773732145,-0.0677932768074889,-0.215632844994627,-0.0936402987477298,0.147585030935849,0.0734834740070038,0.106279376531652,-0.0377503925626437,0.25989789805503,-0.119684432014926,-0.200301649311652,-0.219688047694446,0.0331409947838298,-0.0185254022996091,-0.00396224053125334,-0.0529238731859023,-0.136056150682748,-0.152968976108258,0.0436325976168451,-0.459832706750128,0.0198093673172828,0.0848136068031502,-0.134329999159648,0.111843649641312,-0.00205320448928774,0.0886053999551999,-0.0487768507712523,0.0330005409539432,0.0749044850748382,-0.115382988906553,1.44357331256372e-09
"AQ_SREBF1",-0.183963050272684,0.107075497968056,0.00841745908674814,-0.0273299727231131,0.054752454139207,0.0612970612218215,-0.0706919771085469,0.00780562500272976,-0.154830659916273,-0.0360959474903406,0.0687829353464794,-0.097012904536697,-0.0640013810314663,0.0944587503879001,-0.0963941516835057,0.207695681620757,0.113440790086729,-0.0258652629756719,-0.0767709952156916,-0.103402116174713,0.0136636062974183,-0.151052320231847,-0.296354693076839,-0.131518201488773,0.0104536219014008,0.386119411711876,-0.0333361697572153,-0.116201974402193,-0.0433778317968655,-0.277214771414022,0.093689244283452,0.0399715448782839,0.103019536350806,-0.112578433474599,-0.286957041335793,-0.150323888496352,-0.169210427065168,0.116583198725169,-0.12648080297208,0.0663617899846711,-0.148021713210865,-0.0988135716992376,-0.00348846616369161,-0.246404199931317,-0.377852918658435,-2.62847748122954e-09
"AQ_STAT3",-0.157357835801682,0.0508448850977651,-0.257349674173127,-0.138867090599755,-0.111817448833442,0.118448398520685,0.0170717353330466,-0.123197433500051,-0.0424438105261011,0.00412479715648842,0.0586786672858993,0.157331521564659,-0.137538344238454,-0.0606840478300301,-0.253121183737176,-0.0805979666749809,0.158826988187299,0.116685844381827,-0.158949210456149,-0.0194110045772432,-0.182461006341059,0.00732213180378117,0.247193880563118,0.161474029279716,0.0300330104436525,0.16765244950822,-0.177053380149649,-0.00184538672469703,-0.264008162680481,-0.00662850493274424,0.118520592271619,-0.178489035871418,-0.201191790950444,0.163326120333704,0.086741557072734,-0.0349746924124031,0.251364163896545,-0.0795357115072633,-0.214476435818528,0.0159019995309227,-0.120612573301853,0.194815687052686,0.310905673391165,-0.139357905464707,0.026313439961159,-1.11175465112179e-09
"AQ_TGFB1",-0.179971848298642,-0.0162373941544447,-0.0865003835932618,-0.0171825051515834,-0.021465208247917,0.0478065474978676,0.0352876978118135,-0.0940761759978944,0.0807114550379823,-0.174167571314807,-0.000568322550612957,0.0665694339649091,0.0397829889567895,-0.148032004253616,0.096297672890741,0.150903188214566,0.310034628058873,0.285871935743688,-0.0441843108189214,0.252665791261292,0.00307395058824289,-0.272668574732505,0.203663938875173,0.0552686058369193,-0.120127089629291,0.0117773947532869,-0.161003163857186,-0.017385125934631,-0.0488593709459362,0.0234900008586803,0.0579411114328849,-0.064948525469873,0.0601379147726772,-0.187205946844125,-0.232890808544017,0.170143129650689,-0.172036670262978,0.290465550162432,0.22933856995454,-0.240343516855764,0.151984097163376,-0.00723049081865258,-0.1463071287724,-0.0188405547750133,0.212085162544538,3.16752517820682e-08
"AQ_TLR3",-0.15233563156413,-0.0507147319372083,0.0202453493084837,0.155542616311225,0.132972725147258,-0.204768921442734,0.0734016561394074,-0.0848688949636917,0.29853058791137,-0.0644488739243307,-0.170924480207616,0.099639477056395,0.201085044116347,0.0024913103923838,-0.150526625094099,0.0737450479913141,-0.00333778905999471,0.181037706529251,-0.210377911425103,-0.251548993536225,0.301028552846681,0.0680647983051006,0.135235844520047,0.229512923132025,0.40262050604512,-0.0793185396279177,0.0149576085700344,-0.175523351161346,0.0168476388565944,-0.0059314748971935,0.00484098313045999,0.178860406961711,-0.0512719519769218,-0.199054643730178,-0.00272216565574984,0.0183123070822861,0.109898591041491,-0.0705217117804424,-0.0582629141682778,-0.10891538375693,-0.108082104724751,-0.191059265685899,-0.00231161516567509,-0.0502869549034524,-0.11198530930665,3.49530083735783e-08
"AQ_TLR4",-0.154739827602008,-0.175053773062891,-0.17936189255275,-0.0497863811242815,-0.0395403185787098,0.00220621960509227,0.104349513855133,0.0959481408052474,-0.0572863642629323,0.355822387549729,0.0609424067734451,-0.0895723162699501,0.153199154203198,0.103101398786932,0.207255071174019,-0.154959380463818,0.134127844660955,0.0390408954893612,0.0437707417846984,0.0507418905586436,0.0678584643576221,-0.0969856939810662,-0.0345511962114417,0.117169918620325,0.248217356018777,-0.149582147998304,-0.0720579215022461,0.0339578840248028,0.137773699964314,0.02393229342758,0.280132963451756,0.0192442034857018,0.273787597154503,0.0671476236086915,-0.0175660290194605,-0.351061263319905,-0.164946212066625,0.00922135204120601,0.173278185518237,-0.000389062064679591,0.0105948186734161,0.0524789412231155,0.374273515834415,0.0380173387843675,-0.00165647856274679,-1.35504046212549e-08
"AQ_TNF",-0.159970331216292,-0.059698482943633,-0.150883824262185,-0.0630331749726225,-0.0653619641760686,-0.0325687932298331,-0.207090557360511,0.0263036033256733,-0.0878809426269742,-0.13655963454262,0.0797994127544486,0.379961074300606,0.000937426820297204,0.0194242535857337,-0.282417607963717,0.0474805890792061,0.00695291765574816,-0.0890771913476283,0.239111577249201,-0.192032465688725,-0.154176678184664,0.0520542375776956,0.0180462884361826,-0.206509176591842,0.120324808893832,-0.231252973948209,0.0380912322696508,0.0212260436232271,0.0157025503300741,0.079743349331728,-0.138024583549211,-0.0918096955537022,-0.0351161734221774,-0.0769435984726114,-0.126781923597784,0.0962029437579883,-0.175477750855648,-0.108618806529565,0.395762085161799,0.190148780528425,0.0026145081725422,-0.220663500750636,0.184036552523363,-0.0985261963468873,-0.0114668578867749,-2.7209881554727e-08
